s,kW,kW,kW,kW,kW,kW,kW,kW,kW,kg/s,kg/s
Time,HRR,Q_RADI,Q_CONV,Q_COND,Q_DIFF,Q_PRES,Q_PART,Q_ENTH,Q_TOTAL,MLR_FUEL,MLR_TOTAL
 0.0000000E+000, 0.0000000E+000,-9.7213490E-004, 1.0847911E-005, 0.0000000E+000, 0.0000000E+000, 0.0000000E+000, 0.0000000E+000, 0.0000000E+000,-9.6128699E-004, 0.0000000E+000, 0.0000000E+000
 2.4000000E+003, 6.2394876E+002,-1.2733644E+002,-4.4901124E+002,-3.7350010E+001,-2.2187296E-002, 0.0000000E+000, 0.0000000E+000, 1.5065552E+000, 1.0228882E+001, 3.8046523E-002, 3.8046523E-002
