s,kW,kW,kW,kW,kW,kW,kW,kW,kW,kg/s,kg/s
Time,HRR,Q_RADI,Q_CONV,Q_COND,Q_DIFF,Q_PRES,Q_PART,Q_ENTH,Q_TOTAL,MLR_FUEL,MLR_TOTAL
 0.0000000E+000, 0.0000000E+000,-9.8524430E-004, 1.0847911E-005, 0.0000000E+000, 0.0000000E+000, 0.0000000E+000, 0.0000000E+000, 0.0000000E+000,-9.7439639E-004, 0.0000000E+000, 0.0000000E+000
 2.4000000E+003, 7.8167265E+002,-1.5370557E+002,-5.6711907E+002,-4.8128003E+001,-2.7866849E-002, 0.0000000E+000, 0.0000000E+000, 2.0259973E+000, 1.2692136E+001, 4.7664765E-002, 4.7664765E-002
