s,kW,kW,kW,kW,kW,kW,kW,kW,kW,kg/s,kg/s
Time,HRR,Q_RADI,Q_CONV,Q_COND,Q_DIFF,Q_PRES,Q_PART,Q_ENTH,Q_TOTAL,MLR_FUEL,MLR_TOTAL
 0.0000000E+000, 0.0000000E+000,-9.6235113E-004, 1.0847911E-005, 0.0000000E+000, 0.0000000E+000, 0.0000000E+000, 0.0000000E+000, 0.0000000E+000,-9.5150322E-004, 0.0000000E+000, 0.0000000E+000
 2.4000000E+003, 4.0880382E+002,-9.1275379E+001,-2.8173219E+002,-2.8484471E+001,-1.4495798E-002, 0.0000000E+000, 0.0000000E+000, 9.8346857E-001, 7.2972899E+000, 2.4927089E-002, 2.4927089E-002
