s,kW,kW,kW,kW,kW,kW,kW,kW,kW,kg/s,kg/s
Time,HRR,Q_RADI,Q_CONV,Q_COND,Q_DIFF,Q_PRES,Q_PART,Q_ENTH,Q_TOTAL,MLR_FUEL,MLR_TOTAL
 0.0000000E+000, 0.0000000E+000,-9.6765342E-004, 1.0847911E-005, 0.0000000E+000, 0.0000000E+000, 0.0000000E+000, 0.0000000E+000, 0.0000000E+000,-9.5680551E-004, 0.0000000E+000, 0.0000000E+000
 2.4000000E+003, 5.1637274E+002,-1.0630641E+002,-3.6991058E+002,-3.1233398E+001,-1.8363134E-002, 0.0000000E+000, 0.0000000E+000, 1.2368105E+000, 8.9039884E+000, 3.1486829E-002, 3.1486829E-002
