s,kW,kW,kW,kW,kW,kW,kW,kW,kW,kg/s,kg/s
Time,HRR,Q_RADI,Q_CONV,Q_COND,Q_DIFF,Q_PRES,Q_PART,Q_ENTH,Q_TOTAL,MLR_FUEL,MLR_TOTAL
 0.0000000E+000, 0.0000000E+000,-9.6166950E-004, 1.0847911E-005, 0.0000000E+000, 0.0000000E+000, 0.0000000E+000, 0.0000000E+000, 0.0000000E+000,-9.5082158E-004, 0.0000000E+000, 0.0000000E+000
 2.4000000E+003, 3.2273945E+002,-6.9977057E+001,-2.1804728E+002,-2.5667820E+001,-1.1441156E-002, 0.0000000E+000, 0.0000000E+000, 1.0009898E+000, 9.0358488E+000, 1.9679364E-002, 1.9679364E-002
