s,kW,kW,kW,kW,kW,kW,kW,kW,kW,kg/s,kg/s
Time,HRR,Q_RADI,Q_CONV,Q_COND,Q_DIFF,Q_PRES,Q_PART,Q_ENTH,Q_TOTAL,MLR_FUEL,MLR_TOTAL
 0.0000000E+000, 0.0000000E+000,-1.0769023E+000, 5.4718116E-003, 0.0000000E+000, 0.0000000E+000, 0.0000000E+000, 0.0000000E+000, 0.0000000E+000,-1.0714305E+000, 0.0000000E+000, 0.0000000E+000
 3.6000000E+003, 3.2906178E+002,-6.6736998E+001,-3.2790682E+002,-2.9343670E+001,-1.2910573E-002, 0.0000000E+000, 0.0000000E+000, 1.5430876E-002,-9.4938618E+001, 2.0064792E-002, 2.0064792E-002
