s,kW,kW,kW,kW,kW,kW,kW,kW,kW,kg/s,kg/s
Time,HRR,Q_RADI,Q_CONV,Q_COND,Q_DIFF,Q_PRES,Q_PART,Q_ENTH,Q_TOTAL,MLR_FUEL,MLR_TOTAL
 0.0000000E+000, 0.0000000E+000,-1.0130805E-003, 1.0847911E-005, 0.0000000E+000, 0.0000000E+000, 0.0000000E+000, 0.0000000E+000, 0.0000000E+000,-1.0022326E-003, 0.0000000E+000, 0.0000000E+000
 2.4000000E+003, 1.4035193E+003,-2.9604645E+002,-1.0068233E+003,-8.4192485E+001,-4.9886308E-002, 0.0000000E+000, 0.0000000E+000, 3.2014085E+000, 1.6407179E+001, 8.5579743E-002, 8.5579743E-002
