s,kW,kW,kW,kW,kW,kW,kW,kW,kW,kg/s,kg/s
Time,HRR,Q_RADI,Q_CONV,Q_COND,Q_DIFF,Q_PRES,Q_PART,Q_ENTH,Q_TOTAL,MLR_FUEL,MLR_TOTAL
 0.0000000E+000, 0.0000000E+000,-9.5425013E-004, 1.0847911E-005, 0.0000000E+000, 0.0000000E+000, 0.0000000E+000, 0.0000000E+000, 0.0000000E+000,-9.4340222E-004, 0.0000000E+000, 0.0000000E+000
 2.4000000E+003, 1.9364274E+002,-4.2678615E+001,-1.2954960E+002,-1.5965043E+001,-6.8952961E-003, 0.0000000E+000, 0.0000000E+000, 5.9224223E-001, 5.4425842E+000, 1.1807612E-002, 1.1807612E-002
