s,kW,kW,kW,kW,kW,kW,kW,kW,kW,kg/s,kg/s
Time,HRR,Q_RADI,Q_CONV,Q_COND,Q_DIFF,Q_PRES,Q_PART,Q_ENTH,Q_TOTAL,MLR_FUEL,MLR_TOTAL
 0.0000000E+000, 0.0000000E+000,-9.5390944E-004, 1.0847911E-005, 0.0000000E+000, 0.0000000E+000, 0.0000000E+000, 0.0000000E+000, 0.0000000E+000,-9.4306153E-004, 0.0000000E+000, 0.0000000E+000
 2.4000000E+003, 1.9364463E+002,-4.6445906E+001,-1.2126586E+002,-2.0011548E+001,-6.8702613E-003, 0.0000000E+000, 0.0000000E+000, 6.2292118E-001, 5.9144553E+000, 1.1807616E-002, 1.1807616E-002
