s,kW,kW,kW,kW,kW,kW,kW,kW,kW,kg/s,kg/s
Time,HRR,Q_RADI,Q_CONV,Q_COND,Q_DIFF,Q_PRES,Q_PART,Q_ENTH,Q_TOTAL,MLR_FUEL,MLR_TOTAL
 0.0000000E+000, 0.0000000E+000,-9.8098947E-004, 1.0847911E-005, 0.0000000E+000, 0.0000000E+000, 0.0000000E+000, 0.0000000E+000, 0.0000000E+000,-9.7014155E-004, 0.0000000E+000, 0.0000000E+000
 2.4000000E+003, 6.9284609E+002,-1.3642503E+002,-5.0199354E+002,-4.2475267E+001,-2.4702928E-002, 0.0000000E+000, 0.0000000E+000, 1.8231169E+000, 1.1927558E+001, 4.2248314E-002, 4.2248314E-002
