s,kW,kW,kW,kW,kW,kW,kW,kW,kW,kg/s,kg/s
Time,HRR,Q_RADI,Q_CONV,Q_COND,Q_DIFF,Q_PRES,Q_PART,Q_ENTH,Q_TOTAL,MLR_FUEL,MLR_TOTAL
 0.0000000E+000, 0.0000000E+000,-9.5807836E-004, 1.0847911E-005, 0.0000000E+000, 0.0000000E+000, 0.0000000E+000, 0.0000000E+000, 0.0000000E+000,-9.4723045E-004, 0.0000000E+000, 0.0000000E+000
 2.4000000E+003, 3.0122344E+002,-6.8754889E+001,-2.0108730E+002,-2.4650595E+001,-1.0691246E-002, 0.0000000E+000, 0.0000000E+000, 7.9486425E-001, 6.7199658E+000, 1.8367404E-002, 1.8367404E-002
