s,kW,kW,kW,kW,kW,kW,kW,kW,kW,kg/s,kg/s
Time,HRR,Q_RADI,Q_CONV,Q_COND,Q_DIFF,Q_PRES,Q_PART,Q_ENTH,Q_TOTAL,MLR_FUEL,MLR_TOTAL
 0.0000000E+000, 0.0000000E+000,-1.0095104E-003, 1.0847911E-005, 0.0000000E+000, 0.0000000E+000, 0.0000000E+000, 0.0000000E+000, 0.0000000E+000,-9.9866245E-004, 0.0000000E+000, 0.0000000E+000
 2.4000000E+003, 1.5921970E+003,-3.4122471E+002,-1.1399242E+003,-9.4480521E+001,-5.6432918E-002, 0.0000000E+000, 0.0000000E+000, 3.3001832E+000, 1.6511168E+001, 9.7084419E-002, 9.7084419E-002
