s,kW,kW,kW,kW,kW,kW,kW,kW,kW,kg/s,kg/s
Time,HRR,Q_RADI,Q_CONV,Q_COND,Q_DIFF,Q_PRES,Q_PART,Q_ENTH,Q_TOTAL,MLR_FUEL,MLR_TOTAL
 0.0000000E+000, 0.0000000E+000,-9.7659057E-004, 1.0847911E-005, 0.0000000E+000, 0.0000000E+000, 0.0000000E+000, 0.0000000E+000, 0.0000000E+000,-9.6574266E-004, 0.0000000E+000, 0.0000000E+000
 2.4000000E+003, 7.3152363E+002,-1.4836699E+002,-5.2773593E+002,-4.3897193E+001,-2.6011688E-002, 0.0000000E+000, 0.0000000E+000, 1.7749485E+000, 1.1497501E+001, 4.4606281E-002, 4.4606281E-002
