s,kW,kW,kW,kW,kW,kW,kW,kW,kW,kg/s,kg/s
Time,HRR,Q_RADI,Q_CONV,Q_COND,Q_DIFF,Q_PRES,Q_PART,Q_ENTH,Q_TOTAL,MLR_FUEL,MLR_TOTAL
 0.0000000E+000, 0.0000000E+000,-9.6667121E-004, 1.0847911E-005, 0.0000000E+000, 0.0000000E+000, 0.0000000E+000, 0.0000000E+000, 0.0000000E+000,-9.5582329E-004, 0.0000000E+000, 0.0000000E+000
 2.4000000E+003, 5.1638797E+002,-1.1385037E+002,-3.6074200E+002,-3.3721640E+001,-1.8302991E-002, 0.0000000E+000, 0.0000000E+000, 1.1730435E+000, 8.0556651E+000, 3.1486904E-002, 3.1486904E-002
