s,kW,kW,kW,kW,kW,kW,kW,kW,kW,kg/s,kg/s
Time,HRR,Q_RADI,Q_CONV,Q_COND,Q_DIFF,Q_PRES,Q_PART,Q_ENTH,Q_TOTAL,MLR_FUEL,MLR_TOTAL
 0.0000000E+000, 0.0000000E+000,-9.5000910E-004, 1.0847911E-005, 0.0000000E+000, 0.0000000E+000, 0.0000000E+000, 0.0000000E+000, 0.0000000E+000,-9.3916119E-004, 0.0000000E+000, 0.0000000E+000
 2.4000000E+003, 8.6062766E+001,-2.1151127E+001,-5.0323680E+001,-1.0150931E+001,-3.0607253E-003, 0.0000000E+000, 0.0000000E+000, 3.4985361E-001, 4.4339675E+000, 5.2477864E-003, 5.2477864E-003
